college,display_name,collegeId,n_players,leagues,variant_1,variant_2,variant_3,variant_4,variant_5,variant_6
Abilene Christian,Abilene Christian,2000,15,nfl,acu,abilene,,,,
Adams State,Adams State,2001,2,nfl,adams st,adams st.,,,,
Adrian,Adrian,2003,1,mlb,,,,,,
Air Force,Air Force,2005,21,"nfl, nba, mlb",af,,,,,
Akron,Akron,2006,45,"nfl, nba, mlb",zips,,,,,
Alabama,Alabama,333,323,"nfl, nba, mlb",bama,,,,,
Alabama A&M,Alabama A&M,2010,11,nfl,bama a&m,alabama a and m,alabama a and m,,,
Alabama State,Alabama State,2011,29,nfl,alabama st,bama st,bama state,,,
Alabama-Huntsville,Alabama-Huntsville,2008,1,nhl,bama huntsville,alabama huntsville,,,,
Alaska,Alaska,298,1,nhl,,,,,,
Albany State,Albany State,2013,2,nfl,albany st,,,,,
Alberta,Alberta,2763,2,"nfl, nhl",,,,,,
Albion,Albion,2790,1,nfl,,,,,,
Albright,Albright,2015,1,mlb,,,,,,
Alcorn State,Alcorn State,2016,26,"nfl, mlb",alcorn st,,,,,
Allegheny,Allegheny,2018,1,nfl,,,,,,
American International,American International,2022,2,nfl,american,,,,,
Anderson (IN),Anderson (IN),2023,1,nfl,anderson indiana,anderson in,anderson,,,
Anderson (SC),Anderson (SC),380,4,nfl,anderson south carolina,anderson sc,anderson,,,
Angelina Coll. TX (J.C.),Angelina Coll. TX (J.C.),110009,1,mlb,angelina,angelina college,angelina college tx,,,
Angelo State,Angelo State,2025,6,"nfl, mlb",angelo st,,,,,
App State,App State,2026,81,"nfl, nba, mlb",appalachian state,app st,appalachian st,,,
Aquinas,Aquinas,486,1,nfl,,,,,,
Arizona,Arizona,12,180,"nfl, nba, mlb",az,zona,,,,
Arizona State,Arizona State,9,224,"nfl, nhl, nba, mlb",arizona st,zona st,zona state,az state,az st,
Arkansas,Arkansas,8,236,"nfl, nba, mlb",ark,,,,,
Arkansas State,Arkansas State,2032,48,nfl,arkansas st,ark state,ark st,,,
Arkansas-Monticello,Arkansas-Monticello,2028,3,nfl,arkansas monticello,ark monticello,monticello,,,
Arkansas-Pine Bluff,Arkansas-Pine Bluff,2029,16,nfl,ark pine bluff,arkansas pine bluff,ark pb,arkansas pb,,
Army,Army,349,18,"nfl, mlb",,,,,,
Ashland,Ashland,308,6,"nfl, mlb",,,,,,
Assumption,Assumption,2038,3,nfl,,,,,,
Auburn,Auburn,2,279,"nfl, nba, mlb",au,,,,,
Augustana University (SD),Augustana University (SD),2043,5,nfl,augustana,augustana u,augustana univ,augustana university,,
Austin Peay,Austin Peay,2046,9,"nfl, nba, mlb",ap,a peay,austin p,,,
Azusa Pacific,Azusa Pacific,2049,6,"nfl, mlb",azusa,pacific,,,,
BYU,BYU,252,118,"nfl, nba, mlb",brigham young university,brigham young,,,,
Bacone College,Bacone College,487,2,"nfl, mlb",bacone,,,,,
Baker University,Baker University,488,1,nfl,baker,,,,,
Baldwin-Wallace,Baldwin-Wallace,188,1,nfl,baldwin wallace,baldwin,wallace,,,
Ball State,Ball State,2050,48,"nfl, mlb",ball st,,,,,
Barber-Scotia College,Barber-Scotia College,489,1,nfl,barber scotia,barber scotia college,,,,
Barry University,Barry University,2053,4,"nfl, mlb",barry,barry u,,,,
Barton College,Barton College,2054,1,nfl,barton,,,,,
Baylor,Baylor,239,175,"nfl, nba, mlb",baylor university,,,,,
Bellarmine,Bellarmine,91,1,mlb,,,,,,
Bellevue CC WA,Bellevue CC WA,110022,1,mlb,bellevue,,,,,
Belmont,Belmont,2057,6,"nba, mlb",,,,,,
Belmont Abbey,Belmont Abbey,2058,1,mlb,belmont,,,,,
Beloit College,Beloit College,266,1,nfl,beloit,,,,,
Bemidji State,Bemidji State,132,6,"nfl, nhl",bemidji,bemidji st,,,,
Benedictine College,Benedictine College,491,1,nfl,benedictine,,,,,
Bennett College,Bennett College,464,2,nfl,bennett,,,,,
Bentley,Bentley,2060,1,nfl,,,,,,
Berry College,Berry College,2757,2,"nfl, mlb",berry,,,,,
Bethel (TN),Bethel (TN),2064,2,nfl,bethel,bethel tennessee,,,,
Bethune-Cookman,Bethune-Cookman,2065,17,"nfl, mlb",bethune,bethune cookman,,,,
Binghamton,Binghamton,2066,1,mlb,,,,,,
Birmingham Southern,Birmingham Southern,3,2,"nfl, mlb",birmingham,birmingham south,,,,
Black Hills State,Black Hills State,2069,1,nfl,black hills,black hills st,,,,
Bloomsburg,Bloomsburg,2071,5,nfl,,,,,,
Boise State,Boise State,68,92,nfl,boise,boise st,,,,
Boston College,Boston College,103,184,"nfl, nhl, mlb",bc,,,,,
Boston University,Boston University,104,35,"nfl, nhl",bu,boston,boston u,,,
Bowie State,Bowie State,2075,4,nfl,bowie,bowie st,,,,
Bowling Green,Bowling Green,189,42,"nfl, nhl, nba, mlb",bg,bowling,bowling g,,,
Bradley,Bradley,71,3,"nfl, nba, mlb",,,,,,
Bridgewater State Co,Bridgewater State,18,1,nfl,bridgewater st,bridgewater state,bridgewater state college,bridgewater st college,,
British Columbia,British Columbia,2080,3,nfl,bc,b columbia,british c,,,
Brown,Brown,225,13,"nfl, nhl",brown university,,,,,
Bryant,Bryant,2803,9,"nfl, mlb",,,,,,
Bucknell,Bucknell,2083,5,"nfl, mlb",,,,,,
Buffalo,Buffalo,2084,50,"nfl, nba, mlb",ub,university at buffalo,university of buffalo,,,
Butler,Butler,2086,5,"nfl, nba, mlb",,,,,,
C.W. Post,C.W. Post,110040,3,nfl,liu post,post,long island university,,,
Cal Lutheran,Cal Lutheran,2094,1,nfl,california lutheran,cal. Lutheran,,,,
Cal Maritime,Cal Maritime,500,3,nfl,california maritime,cal. Maritime,,,,
Cal Poly,Cal Poly,13,33,"nfl, mlb",california poly,California Polytechnic State University,California Polytechnic st University,California Polytechnic State,California Polytechnic,
Cal Poly-Pomona,Cal Poly-Pomona,2914,3,mlb,cal poly pomona,California Polytechnic State University,California Polytechnic st University,California Polytechnic State,California Polytechnic,california poly
Cal State Bakersfield,Cal State Bakersfield,2934,2,mlb,cal st bakersfield,cal st,cal state,california state,california st,
Cal State Dominguez Hills,Cal State Dominguez Hills,2092,1,mlb,cal st,cal state,california state,california st,cal st dominguez hills,
Cal State Fullerton,Cal State Fullerton,2239,29,"nfl, nba, mlb",cal st,cal state,california state,california st,cal st fullterton,
Cal State Northridge,Cal State Northridge,2463,6,"nfl, mlb",cal st,cal state,california state,california st,cal st northridge,
Cal State San Bernardino,Cal State San Bernardino,110043,1,mlb,cal st,cal state,california state,california st,cal st san bernardino,
Calgary,Calgary,2935,3,nfl,,,,,,
California,California,25,200,"nfl, nba, mlb",cal,,,,,
California (PA),California (PA),2858,12,nfl,cal pa,cal,california,,,
California Baptist,California Baptist,2856,2,nba,cal baptist,,,,,
California State Uni,California State Uni,499,11,nfl,cal state university,cal state,california state,,,
California State Uni,California State Uni,501,3,nfl,cal state university,cal state,california state,,,
Calumet College of St. Joseph,Calumet College of St. Joseph,502,1,nfl,calumet,calumet st joes,calumet st joseph,calumet college,,
Cameron,Cameron,2096,2,nfl,,,,,,
Campbell,Campbell,2097,17,"nfl, mlb",,,,,,
Canisius,Canisius,2099,4,"nfl, nhl, mlb",,,,,,
Carnegie Mellon,Carnegie Mellon,2102,1,nfl,,,,,,
Carroll (MT),Carroll (MT),2104,2,nfl,carroll,,,,,
Carson-Newman,Carson-Newman,2105,17,"nfl, mlb",carson newman,,,,,
Catawba,Catawba,2107,3,"nfl, mlb",,,,,,
Cedar Crest,Cedar Crest,321,1,nfl,,,,,,
Centenary (LA),Centenary (LA),2113,2,mlb,centenary,,,,,
Central Arkansas,Central Arkansas,2110,22,"nfl, mlb",cent arkansas,central ark,c arkansas,,,
Central Connecticut,Central Connecticut,2115,6,nfl,cent connecticut,central conn,,,,
Central Florida CC,Central Florida CC,110053,1,mlb,central florida,,,,,
Central Michigan,Central Michigan,2117,63,"nfl, mlb",central michigan,cmu,chips,,,
Central Missouri State,Central Missouri State,2118,12,"nfl, mlb",central miss state,central miss st,c missouri st,Central Missouri st,,
Central Oklahoma,Central Oklahoma,2122,10,"nfl, mlb",c oklahoma,central ok,,,,
Central State,Central State,2119,3,nfl,central st,,,,,
Central Washington,Central Washington,2120,3,nfl,central wash,c washington,,,,
Chadron State,Chadron State,2123,3,nfl,chadron st,chadron,,,,
Chapman,Chapman,411,2,nfl,,,,,,
Charleston,Charleston,110059,7,mlb,,,,,,
Charleston (WV),Charleston (WV),2128,6,nfl,charleston,charleston wv,charleston west virginia,,,
Charleston Southern,Charleston Southern,2127,6,"nfl, mlb",charleston southern,char southern,char south,,,
Charlotte,Charlotte,2429,20,"nfl, mlb",,,,,,
Chattahoochee Valley CC,Chattahoochee Valley CC,110060,1,nfl,Chattahoochee,Chattahoochee valley,,,,
Chattanooga,Chattanooga,236,25,"nfl, nba",nooga,,,,,
Chemeketa CC OR,Chemeketa CC OR,110062,1,mlb,Chemeketa,Chemeketa CC,Chemeketa CC Oregon,,,
Cheyney (PA),Cheyney (PA),2129,2,nfl,cheyney,cheyney pennsylvania,cheyney pa,,,
Chipola,Chipola,110501,4,mlb,,,,,,
Chowan,Chowan,2804,1,nfl,,,,,,
Christian Heritage C,Christian Heritage C,503,12,nfl,christian heritage,christian heritage college,,,,
Cincinnati,Cincinnati,2132,145,"nfl, nba, mlb",uc,cincy,,,,
Cisco JC TX,Cisco JC TX,110063,1,mlb,cisco college,cisco,,,,
Citrus Coll. CA (J.C.),Citrus Coll. CA (J.C.),110064,1,mlb,citrus,citrus college,,,,
Clarion,Clarion,2134,2,nfl,,,,,,
Clark Atlanta,Clark Atlanta,2805,2,nfl,clark,,,,,
Clarkson,Clarkson,2137,5,nhl,,,,,,
Clemson,Clemson,228,239,"nfl, nba, mlb",clemson university,,,,,
Cleveland State,Cleveland State,325,1,nba,cleveland st,,,,,
Cleveland State CC TN,Cleveland State CC TN,110068,1,mlb,cleveland st,,,,,
Cloud Co. CC (KS),Cloud Co. CC (KS),110070,1,mlb,cloud,cloud county,cloud county community college,cccc,,
Coastal Carolina,Coastal Carolina,324,49,"nfl, mlb",cc,coastal car,coastal,,,
Coe,Coe,2141,1,nfl,coe college,,,,,
Colgate,Colgate,2142,10,"nfl, nhl",,,,,,
College of Idaho,College of Idaho,3159,1,mlb,idaho,,,,,
Colorado,Colorado,38,154,"nfl, nba",buffs,cu,boulder,cu boulder,colorado boulder,colorado at boulder
Colorado College,Colorado College,2144,4,nhl,colorado,,,,,
Colorado Mesa,Colorado Mesa,11,2,mlb,colorado,,,,,
Colorado State,Colorado State,36,83,"nfl, nba",colorado st,,,,,
Colorado State-Pueblo,Colorado State-Pueblo,2570,11,"nfl, mlb",colorado state,colorado st,colorado state pueblo,colorado st pueblo,,
Columbia,Columbia,171,7,"nfl, mlb",,,,,,
Columbia College (SC),Columbia College (SC),504,2,nfl,columbia,columbia college,columbia college south carolina,columbia college sc,,
Concordia Canada,Concordia Canada,2933,2,nfl,concordia,,,,,
Concordia College (AL),Concordia College (AL),3099,1,nfl,concordia,concordia alabama,concordia al,,,
Concordia-Irvine,Concordia-Irvine,506,8,nfl,concordia,concordia irvine,,,,
Concordia-Moorhead,Concordia-Moorhead,2152,2,nfl,concordia,concordia moorhead,,,,
Concordia-St. Paul,Concordia-St. Paul,3066,5,"nfl, mlb",concordia,concordia st paul,,,,
Connecticut College,Connecticut College,39,24,nfl,Connecticut,,,,,
Connors State,Connors State,110091,1,mlb,connor state,connor st,connors st,,,
Cornell,Cornell,172,18,"nfl, nhl",,,,,,
Cornerstone University,Cornerstone University,508,12,nfl,cornerstone,,,,,
Cortland,Cortland,2782,2,nfl,,,,,,
Cowley,Cowley,283,1,mlb,,,,,,
Creighton,Creighton,156,12,"nba, mlb",,,,,,
Crowder,Crowder,110096,1,mlb,,,,,,
Crown College,Crown College,509,6,nfl,crown,,,,,
Culver-Stockton College,Culver-Stockton College,510,5,nfl,culver stockton college,culver stockton,,,,
Cumberland (KY),Cumberland (KY),511,4,nfl,cumberland,cumberland ky,cumberland kentucky,,,
Cumberland (TN),Cumberland (TN),2161,1,mlb,cumberland,cumberland tn,cumberland tennessee,,,
Cypress Coll. CA (J.C.),Cypress Coll. CA (J.C.),110099,2,mlb,cypress,cypress college,,,,
Dakota Wesleyan,Dakota Wesleyan,513,1,nfl,dakota,,,,,
Dallas Baptist,Dallas Baptist,514,29,"nfl, mlb",,,,,,
Dana,Dana,515,2,nfl,,,,,,
Dartmouth,Dartmouth,159,20,"nfl, nhl, mlb",,,,,,
Davenport University,Davenport University,3092,1,nfl,davenport,,,,,
David Lipscomb University,David Lipscomb University,110102,3,mlb,lipscomb,,,,,
Davidson,Davidson,2166,1,mlb,,,,,,
Dayton,Dayton,2168,11,"nfl, nba, mlb",,,,,,
Daytona State,Daytona State,110103,1,mlb,daytona st,,,,,
DePaul,DePaul,305,3,nba,,,,,,
Deakin (Australia),Deakin (Australia),110106,1,nfl,deakin,deakin australia,,,,
Delaware,Delaware,48,41,"nfl, mlb",,,,,,
Delaware State,Delaware State,2169,8,nfl,delaware st,,,,,
Delaware Valley,Delaware Valley,2808,1,nfl,,,,,,
Delta State,Delta State,2170,5,"nfl, mlb",delta st,,,,,
Denver,Denver,2172,27,nhl,du,,,,,
Des Moines CC IA,Des Moines CC IA,110111,1,mlb,des moines,des moines community college,,,,
Dickinson (PA),Dickinson (PA),2175,2,nfl,dickinson,dickinson pa,dickinson pennsylvania,,,
Dordt University,Dordt University,517,10,nfl,dordt,,,,,
Drake,Drake,2181,5,"nfl, nba",,,,,,
Drury,Drury,2183,1,mlb,,,,,,
Duke,Duke,150,133,"nfl, nba, mlb",blue devils,,,,,
Duquesne,Duquesne,2184,7,nfl,,,,,,
East Carolina,East Carolina,151,98,"nfl, mlb",ecu,,,,,
East Central (OK),East Central (OK),2191,6,nfl,east central oklahoma,east central ok,,,,
East Central CC MS,East Central CC MS,110116,1,mlb,east central community college,east central,,,,
East Central Univers,East Central Univers,518,7,nfl,east central,east central university,,,,
East Stroudsburg,East Stroudsburg,2188,3,"nfl, mlb",,,,,,
East Tennessee State,East Tennessee State,2193,6,"nfl, mlb",etsu,East Tennessee st,e tennessee st,e tennessee state,,
East Texas A&M,East Texas A&M,2837,13,nfl,east texas,,,,,
East Texas Baptist,East Texas Baptist,2194,2,nfl,east texas,,,,,
Eastern Illinois,Eastern Illinois,2197,20,"nfl, mlb",east illinois,eastern ill,,,,
Eastern Kentucky,Eastern Kentucky,2198,31,"nfl, mlb",eastern kentucky university,e kentucky,,,,
Eastern Michigan,Eastern Michigan,2199,49,"nfl, nba, mlb",emu,,,,,
Eastern New Mexico,Eastern New Mexico,2201,2,nfl,enm,east new mexico,,,,
Eastern Oklahoma State (J.C.),Eastern Oklahoma State (J.C.),110121,1,mlb,eastern oklahoma state,eastern oklahoma st,e oklahoma state,e oklahoma st,,
Eastern Oregon,Eastern Oregon,2202,1,nfl,e oregon,east oregon,,,,
Eastern Washington,Eastern Washington,331,34,nfl,east washington,,,,,
Elizabeth City State,Elizabeth City State,2207,2,nfl,elizabeth city st,,,,,
Elon,Elon,2210,19,"nfl, mlb",,,,,,
Embry-Riddle (FL),Embry-Riddle (FL),520,4,"nfl, mlb",embry,embry riddle,embry riddle fl,,,
Embry-Riddle Aeronau,Embry-Riddle Aeronautical,519,4,nfl,embry,embry riddle,embry riddle aeronau,,,
Emmanuel (GA),Emmanuel (GA),521,1,nfl,emmanuel,,,,,
Emporia State,Emporia State,2214,6,nfl,emporia,emporia st,,,,
Evangel,Evangel,2865,2,nfl,,,,,,
Evansville,Evansville,339,3,mlb,,,,,,
Everett CC WA,Everett CC WA,110128,1,mlb,everett,,,,,
FLA Southern,Florida Southern,51,2,mlb,florida southern,fl southern,,,,
Fairfield,Fairfield,2217,1,mlb,,,,,,
Fairmont State,Fairmont State,2986,3,nfl,fairmont,fairmont st,,,,
Faulkner,Faulkner,2219,2,mlb,,,,,,
Fayetteville State,Fayetteville State,2220,5,nfl,fayetteville,fayetteville st,,,,
Ferris State,Ferris State,2222,18,nfl,ferris,,,,,
Ferrum,Ferrum,366,2,nfl,,,,,,
Findlay,Findlay,2224,5,nfl,,,,,,
Finlandia University,Finlandia University,523,1,nfl,finlandia,,,,,
Fisher College,Fisher College,524,1,nfl,fisher,,,,,
Five Towns College,Five Towns College,525,1,nfl,five towns,,,,,
Flagler,Flagler,2228,1,mlb,,,,,,
Florence-Darlington Tech,Florence-Darlington Tech,110721,1,mlb,florence darlington,florence darlington tech,,,,
Florida,Florida,57,331,"nfl, nba, mlb",uf,,,,,
Florida A&M,Florida A&M,50,35,"nfl, mlb",florida am,fla am,fla a&m,,,
Florida Atlantic,Florida Atlantic,2226,60,"nfl, mlb",fla atlantic,fau,,,,
Florida Gulf Coast,Florida Gulf Coast,526,11,"nfl, mlb",fgcu,,,,,
Florida International,Florida International,2229,48,"nfl, mlb",fiu,,,,,
Florida State,Florida State,52,302,"nfl, nba, mlb",fla st,fla state,florida st,fsu,,
Florida Tech,Florida Tech,53,5,"nfl, mlb",fla tech,fl tech,,,,
Fordham,Fordham,2230,23,"nfl, mlb",,,,,,
Fort Hays State,Fort Hays State,2231,5,nfl,fort hays st,,,,,
Fort Lewis,Fort Lewis,2237,1,nfl,,,,,,
Fort Valley State,Fort Valley State,2232,12,nfl,fort valley,fort valley st,,,,
Framingham State,Framingham State,2967,1,nfl,framingham st,,,,,
Franklin,Franklin,2233,1,nfl,,,,,,
Fresno City Coll. CA (J.C.),Fresno City Coll. CA (J.C.),110135,1,mlb,fresno city,fresno city college,,,,
Fresno State,Fresno State,278,154,"nfl, nba, mlb",fresno,,,,,
Friends University,Friends University,527,1,nfl,friends,,,,,
Frostburg State,Frostburg State,341,1,nfl,frostburg,frostburg st,frostburg state,,,
Furman,Furman,231,23,"nfl, nba, mlb",,,,,,
Galveston,Galveston,110138,1,mlb,,,,,,
Garden City CC KS,Garden City CC KS,110139,1,nfl,garden city,garden city community college,,,,
Gardner-Webb,Gardner-Webb,2241,13,"nfl, mlb",gardner webb,,,,,
George Mason,George Mason,2244,4,mlb,,,,,,
George Washington,George Washington,45,1,mlb,,,,,,
Georgetown,Georgetown,46,7,"nfl, nba, mlb",,,,,,
Georgia,Georgia,61,316,"nfl, nba, mlb",uga,,,,,
Georgia Southern,Georgia Southern,290,43,"nfl, mlb",ga southern,,,,,
Georgia State,Georgia State,2247,27,"nfl, mlb",ga state,ga st,georgia st,,,
Georgia Tech,Georgia Tech,59,149,"nfl, nba, mlb",ga tech,gt,,,,
Glendale CC CA,Glendale CC CA,110145,1,mlb,glendale cc,glendale,,,,
Globe Tech NY (J.C.),Globe Tech NY (J.C.),110146,1,nfl,globe tech,globe tech ny,,,,
Gloucester County (N.J.) JC,Gloucester County (N.J.) JC,110147,1,mlb,gloucester,gloucester county,,,,
Golden West College,Golden West College,3113,2,"nfl, mlb",golden west,,,,,
Gonzaga,Gonzaga,2250,25,"nba, mlb",zaga,,,,,
Gordon College,Gordon College,416,1,nfl,gordon,,,,,
Grambling,Grambling,2755,46,"nfl, mlb",grambling state,,,,,
Grand Canyon,Grand Canyon,2253,12,"nba, mlb",gcu,,,,,
Grand Valley State,Grand Valley State,125,18,nfl,grand valley,grand valley st,gvsu,,,
Grand View,Grand View,2254,2,nfl,,,,,,
Green Mountain Colle,Green Mountain College,532,2,nfl,green mountain,green mountain college,,,,
Greenville,Greenville,2257,1,nfl,,,,,,
Gulf Coast State,Gulf Coast State,110155,4,mlb,gulf coast st,,,,,
Gustavus Adolphus,Gustavus Adolphus,2968,1,nfl,,,,,,
Hampton,Hampton,2261,29,nfl,,,,,,
Hannibal-LaGrange,Hannibal-LaGrange,533,1,nfl,hannibal lagrange,hannibal,lagrange,,,
Harding,Harding,2264,4,nfl,,,,,,
Harris-Stowe State,Harris-Stowe State,534,5,nfl,harris stowe,harris stowe st,harris stowe state,,,
Hartford,Hartford,42,3,mlb,,,,,,
Harvard,Harvard,108,49,"nfl, nhl, mlb",harvard u,harvard university,,,,
Haskell,Haskell,535,1,nfl,,,,,,
Hastings,Hastings,536,3,nfl,,,,,,
Hawai'i,Hawai'i,62,81,"nfl, mlb",hawaii,,,,,
Hawaii Pacific,Hawaii Pacific,2269,1,mlb,hawaii,hawaii pacific,,,,
Hawaii-Hilo,Hawaii-Hilo,2267,1,mlb,hawaii,hawaii hilo,,,,
Heidelberg,Heidelberg,191,8,nfl,,,,,,
Henderson State,Henderson State,2271,6,nfl,henderson,henderson st,,,,
High Point,High Point,2272,4,"nba, mlb",,,,,,
Hillsboro Junior College,Hillsboro Junior College,110163,1,mlb,hillsboro,,,,,
Hillsborough,Hillsborough,54,21,"nfl, mlb",,,,,,
Hillsdale,Hillsdale,2273,4,nfl,,,,,,
Hinds CC MS,Hinds CC MS,110164,1,nfl,hinds,hinds community college,,,,
Hobart College,Hobart College,174,4,nfl,hobart,,,,,
Hofstra,Hofstra,2275,17,"nfl, mlb",,,,,,
Holy Cross,Holy Cross,107,11,nfl,,,,,,
Houghton,Houghton,538,1,nfl,,,,,,
Houston,Houston,248,132,"nfl, nba, mlb",,,,,,
Houston Christian,Houston Christian,2277,4,"nfl, mlb",,,,,,
Howard,Howard,47,21,"nfl, mlb",,,,,,
Howard Coll. TX (J.C.),Howard Coll. TX (J.C.),110167,3,mlb,howard,howard college,,,,
Howard Payne,Howard Payne,2758,1,nfl,howard,,,,,
Humboldt State,Humboldt State,2278,5,nfl,humboldt,humboldt st,,,,
Huntingdon College (AL),Huntingdon College (AL),2938,1,mlb,Huntingdon College,Huntingdon College al,Huntingdon,,,
Huron University,Huron University,540,1,nfl,huron,,,,,
Husson College,Husson College,541,1,nfl,husson,,,,,
IU Indianapolis,IU Indianapolis,85,1,mlb,indianapolis,iu,,,,
Idaho,Idaho,70,53,nfl,,,,,,
Idaho State,Idaho State,304,13,nfl,idaho st,,,,,
Illinois,Illinois,356,171,"nfl, nba, mlb",,,,,,
Illinois State,Illinois State,2287,55,"nfl, mlb",ill state,ill st,illinois st,,,
Immaculata,Immaculata,208,3,nfl,,,,,,
Incarnate Word,Incarnate Word,2916,8,nfl,,,,,,
Indian Hills Community,Indian Hills Community,110172,1,mlb,indian hills,,,,,
Indian River State,Indian River State,110173,1,mlb,indian river,indian river st,,,,
Indiana,Indiana,84,139,"nfl, nba, mlb",iu,,,,,
Indiana State,Indiana State,282,20,"nfl, mlb",indiana st,,,,,
Indiana-Pennsylvania,Indiana-Pennsylvania,2291,10,nfl,indiana pennsylvania,indiana university of pennsylvania,,,,
Indianapolis,Indianapolis,2292,3,nfl,indy,,,,,
Iowa,Iowa,2294,228,"nfl, nba, mlb",hawkeyes,,,,,
Iowa State,Iowa State,66,110,"nfl, nba",iowa st,university of iowa,,,,
Iowa Western Community,Iowa Western Community,110179,3,"nfl, mlb",iowa western,,,,,
Itawamba CC MS,Itawamba CC MS,110181,1,nfl,itawamba,,,,,
Ithaca,Ithaca,175,2,"nfl, mlb",,,,,,
Jackson State,Jackson State,2296,33,nfl,jackson st,,,,,
Jacksonville,Jacksonville,294,16,"nfl, mlb",Jacksonville,,,,,
Jacksonville State,Jacksonville State,55,26,nfl,Jacksonville st,Jacksonville,,,,
James Madison,James Madison,256,45,"nfl, mlb",jmu,,,,,
Jamestown,Jamestown,2939,1,nfl,,,,,,
John A. Logan College,John A. Logan College,110190,1,mlb,john a logan,john logan college,,,,
John Carroll,John Carroll,2302,2,nfl,jcu,,,,,
Johnson & Wales (Miami),Johnson & Wales (Miami),543,6,nfl,johnson & wales,johnson and wales,,,,
Johnson C. Smith,Johnson C. Smith,2304,1,nfl,johnson c smith,johnson smith,,,,
Judson College,Judson College,546,1,nfl,judson,,,,,
Kansas,Kansas,2305,109,"nfl, nba, mlb",ku,,,,,
Kansas State,Kansas State,2306,160,"nfl, nba, mlb",kansas st,,,,,
Kansas Wesleyan Univ,Kansas Wesleyan Univ,547,2,nfl,kansas wesleyan,,,,,
Kaskaskia CC IL (J.C.),Kaskaskia CC IL (J.C.),110196,1,mlb,kaskaskia,,,,,
Kennesaw State,Kennesaw State,338,10,"nfl, mlb",kennesaw,kennesaw st,,,,
Kent State,Kent State,2309,49,"nfl, mlb",kent,,,,,
Kentucky,Kentucky,96,199,"nfl, nba, mlb",uk,,,,,
Kentucky State,Kentucky State,2310,4,nfl,kentucky st,,,,,
Kentucky Wesleyan,Kentucky Wesleyan,2316,1,nfl,,,,,,
Knoxville College,Knoxville College,2314,1,nfl,knoxville,,,,,
Kutztown,Kutztown,2315,7,nfl,,,,,,
LA Valley College,LA Valley College,3115,1,mlb,lavc,los angeles Valley College,,,,
LSU,LSU,99,304,"nfl, nba, mlb",lousiana state,lousiana state university,,,,
La Salle,La Salle,2325,1,nfl,lasalle,,,,,
LaGrange College,LaGrange College,548,1,nfl,lagrange,,,,,
Lafayette,Lafayette,322,6,"nfl, mlb",,,,,,
Lake City CC FL,Lake City CC FL,110211,1,mlb,lake city,,,,,
Lake Erie,Lake Erie,437,1,nfl,,,,,,
Lake Superior State,Lake Superior State,285,2,nhl,lake superior st,,,,,
Lamar,Lamar,2320,11,"nfl, mlb",,,,,,
Lambuth,Lambuth,2321,2,nfl,,,,,,
Lane College,Lane College,2323,7,"nfl, mlb",lane,,,,,
Langston,Langston,2324,2,nfl,,,,,,
Lansing CC MI,Lansing CC MI,110218,1,mlb,lansing,lansing community college,,,,
Lawrence University,Lawrence University,268,2,nfl,lawrence u,lawrence,,,,
Lehigh,Lehigh,2329,13,"nfl, nba, mlb",,,,,,
Lehman College,Lehman College,180,1,nfl,lehman,,,,,
Lenoir-Rhyne,Lenoir-Rhyne,2331,5,"nfl, mlb",lenoir,rhyne,lenoir rhyne,,,
Lewis-Clark State,Lewis-Clark State,2334,3,mlb,lewis clark st,lewis clark state,,,,
Liberty,Liberty,2335,40,"nfl, nba, mlb",,,,,,
Limestone,Limestone,2336,3,nfl,,,,,,
Lindenwood,Lindenwood,2815,9,"nfl, nhl",,,,,,
Lipscomb,Lipscomb,288,6,"nba, mlb",,,,,,
Little Rock,Little Rock,2031,3,"nba, mlb",ark little rock,arkansas little rock,,,,
Livingstone,Livingstone,2940,2,nfl,,,,,,
Lock Haven University,Lock Haven University,209,4,nfl,lock haven,,,,,
Long Beach State,Long Beach State,299,22,"nfl, mlb",lbsu,long beach,long beach st,,,
Long Island University,Long Island University,2341,3,mlb,liu,long island,long island u,,,
Los Angeles Harbor Coll. CA (J.C.),Los Angeles Harbor Coll. CA (J.C.),110229,1,mlb,los angeles harbor,los angeles harbor college,la harbor,,,
Louisiana,Louisiana,309,81,"nfl, nba, mlb",,,,,,
Louisiana Christian,Louisiana Christian,2347,1,nfl,,,,,,
Louisiana Tech,Louisiana Tech,2348,82,"nfl, nba, mlb",la tech,lousiana tech university,,,,
Louisville,Louisville,97,196,"nfl, nba, mlb",ul,,,,,
Loyola Chicago,Loyola Chicago,2350,1,nba,loyola chi,loyola,,,,
Loyola Maryland,Loyola Maryland,2352,1,nba,loyola,loyola md,,,,
Loyola Marymount,Loyola Marymount,2351,7,mlb,loyola,,,,,
Loyola New Orleans,Loyola New Orleans,100,1,nfl,loyola,loyola no,,,,
Luther,Luther,67,10,nfl,,,,,,
Lynchburg,Lynchburg,2355,3,nfl,,,,,,
Lynn University,Lynn University,2357,1,mlb,lynn,,,,,
MSU Denver,MSU Denver,2389,1,nfl,Metropolitan State University of Denver,Metropolitan st University of Denver,,,,
Maine,Maine,311,47,"nfl, nhl, mlb",,,,,,
Malone,Malone,556,2,nfl,,,,,,
Manatee CC (FL),Manatee CC (FL),110239,3,mlb,manatee,State College of Florida,Manatee–Sarasota,Manatee Sarasota,,
Manitoba,Manitoba,2770,3,nfl,,,,,,
Maple Woods Community,Maple Woods Community,3191,3,mlb,maple woods,,,,,
Marian (IN),Marian (IN),557,3,nfl,marian,,,,,
Marist,Marist,2368,4,"nfl, mlb",,,,,,
Marquette,Marquette,269,6,nba,,,,,,
Mars Hill,Mars Hill,2369,5,"nfl, nba",,,,,,
Marshall,Marshall,276,94,"nfl, nba, mlb",,,,,,
Mary Hardin-Baylor,Mary Hardin-Baylor,2371,4,"nfl, mlb",mary hardin baylor,,,,,
Maryland,Maryland,120,187,"nfl, nba, mlb",,,,,,
Massachusetts,Massachusetts,113,61,"nfl, nhl",umass,,,,,
Mayville State,Mayville State,561,1,mlb,mayville st,,,,,
McGill,McGill,34,1,nfl,,,,,,
McKendree,McKendree,2816,1,nfl,,,,,,
McLennan Community,McLennan Community,110248,3,mlb,mclennan,,,,,
McMurry,McMurry,241,1,nfl,,,,,,
McNeese,McNeese,2377,31,"nfl, nba, mlb",mcneese st,mcneese state,,,,
Memphis,Memphis,235,107,"nfl, nba, mlb",,,,,,
Menlo,Menlo,2381,4,"nfl, nba, mlb",,,,,,
Mercer,Mercer,2382,10,"nfl, mlb",,,,,,
Mercer Co. CC NJ,Mercer Co. CC NJ,110253,1,mlb,mercer,mercer college,,,,
Mercyhurst,Mercyhurst,2385,4,"nfl, mlb",,,,,,
Meridian CC (MS),Meridian CC (MS),110254,1,mlb,meridian,meridian cc,meridian community college,,,
Merrimack,Merrimack,2771,10,"nfl, nhl",,,,,,
Mesa State,Mesa State,110257,5,"nfl, mlb",,,,,,
Miami,Miami,2390,324,"nfl, nba, mlb",the u,miami fl,miami florida,,,
Miami (OH),Miami (OH),193,71,"nfl, nhl, mlb",miami oh,miami,miami university,miami of ohio,miami ohio,
Miami-Dade CC FL,Miami-Dade CC FL,110259,5,mlb,miami dade,miami dade community college,,,,
Michigan,Michigan,130,330,"nfl, nhl, nba, mlb",u of m,go blue,um,,,
Michigan State,Michigan State,127,218,"nfl, nhl, nba, mlb",msu,michigan st,sparty,mich state,mich st,
Michigan Tech,Michigan Tech,2392,8,"nfl, nhl",mi tech,,,,,
Middle Georgia State,Middle Georgia State,281,2,mlb,middle georgia st,,,,,
Middle Tennessee,Middle Tennessee,2393,42,"nfl, mlb",mtsu,middle tennessee,middle tennessee state,middle tennessee st,,
Midland University,Midland University,565,2,nfl,midland,,,,,
Midwestern State,Midwestern State,2395,6,nfl,midwestern st,midwestern,,,,
Millersville,Millersville,210,3,"nfl, mlb",,,,,,
Millikin,Millikin,74,1,nfl,,,,,,
Millsaps,Millsaps,2398,1,nfl,,,,,,
Milwaukee,Milwaukee,270,8,"nfl, nba, mlb",,,,,,
Minnesota,Minnesota,135,168,"nfl, nhl, nba, mlb",minny,,,,,
Minnesota Duluth,Minnesota Duluth,134,25,"nfl, nhl",,,,,,
Minnesota State,Minnesota State,2364,18,"nfl, nhl",minnesota st,,,,,
Minnesota State Moorhead,Minnesota State Moorhead,2817,4,"nfl, nhl",minnesota st,minnesota st moorhead,,,,
Minot State Universi,Minot State University,568,1,nfl,minot state university,minot state,minot st,,,
Mississippi College,Mississippi College,2401,2,nfl,,,,,,
Mississippi State,Mississippi State,344,200,"nfl, nba, mlb",Mississippi st,msu,,,,
Mississippi Valley State,Mississippi Valley State,2400,8,nfl,Mississippi valley st,,,,,
Missouri,Missouri,142,176,"nfl, nba, mlb",mizzou,,,,,
Missouri Baptist,Missouri Baptist,2880,1,mlb,mizzou baptist,,,,,
Missouri S&T,Missouri S&T,2402,3,nfl,mizzou s&t,,,,,
Missouri Southern State,Missouri Southern State,2403,6,nfl,missouri southern st,,,,,
Missouri State,Missouri State,2623,33,"nfl, nba, mlb",missouri st,,,,,
Missouri Valley,Missouri Valley,136,1,nfl,,,,,,
Missouri Western,Missouri Western,137,15,nfl,,,,,,
Monmouth,Monmouth,2405,18,"nfl, mlb",,,,,,
Monmouth (IL),Monmouth (IL),2919,1,nfl,monmouth,monmouth il,monmouth ill,monmouth illinois,,
Montana,Montana,149,42,nfl,,,,,,
Montana State,Montana State,147,26,nfl,montana st,,,,,
Montana Tech,Montana Tech,148,1,nfl,,,,,,
Montclair State,Montclair State,2818,3,nfl,montclair st,,,,,
Morehead State,Morehead State,2413,6,"nfl, nba, mlb",morehead st,,,,,
Morehouse,Morehouse,60,3,nfl,,,,,,
Morgan State,Morgan State,2415,12,nfl,morgan st,,,,,
Morningside,Morningside,2416,2,nfl,,,,,,
Morris Brown,Morris Brown,2417,1,nfl,,,,,,
Morris College,Morris College,571,1,nfl,morris,,,,,
Mount Marty College,Mount Marty College,573,1,nfl,mount marty,mt marty,mt marty college,,,
Mount Olive,Mount Olive,2418,1,mlb,mt olive,,,,,
Mount Saint Clare Co,Mount Saint Clare College,575,1,nfl,mt saint clare college,mount saint clare college,mount saint clare,mt st clare college,mt st clare,
Mount San Antonio Coll. CA (J.C.),Mount San Antonio Coll. CA (J.C.),110282,1,mlb,mt san antonio,mount san antonio,,,,
Mount St. Joseph,Mount St. Joseph,2419,1,nfl,mount st joes,mount saint joseph,,,,
Mount Union,Mount Union,426,8,nfl,,,,,,
Mount Vernon Nazarene,Mount Vernon Nazarene,576,1,nfl,mount vernon,,,,,
Mountain State,Mountain State,577,1,nfl,mountain st,,,,,
Murray State,Murray State,93,20,"nfl, nba",murray st,,,,,
NC State,NC State,152,192,"nfl, nba, mlb",north carolina state,north carolina st,,,,
NJIT,NJIT,2885,1,mlb,New Jersey Institute of Technology,,,,,
NYIT,NYIT,445,1,nfl,New York Institute of Technology,,,,,
NYU,NYU,176,10,nfl,new york university,,,,,
Navarro Coll. TX (J.C.),Navarro Coll. TX (J.C.),110287,1,mlb,navarro,navarro college,,,,
Navy,Navy,2426,16,"nfl, mlb",,,,,,
Nazareth College,Nazareth College,334,3,nfl,nazareth,,,,,
Nebraska,Nebraska,158,234,"nfl, nba, mlb",,,,,,
Nebraska-Kearney,Nebraska-Kearney,2438,5,nfl,nebraska kearney,,,,,
Neosho County CC KS,Neosho County CC KS,110292,2,mlb,neosho county,neosho,,,,
Nevada,Nevada,2440,83,"nfl, nba, mlb",,,,,,
New Hampshire,New Hampshire,160,28,"nfl, nhl",nh,,,,,
New Haven,New Haven,2441,6,"nfl, mlb",,,,,,
New Mexico,New Mexico,167,49,"nfl, mlb",nmu,,,,,
New Mexico Highlands,New Mexico Highlands,2424,3,nfl,,,,,,
New Mexico Junior College,New Mexico Junior College,110293,1,mlb,new mexico jr college,,,,,
New Mexico State,New Mexico State,166,41,"nfl, nba, mlb",nm state,nm st,new mexico st,,,
New Orleans,New Orleans,2443,1,mlb,nola,,,,,
Newberry,Newberry,2444,8,nfl,,,,,,
Niagara,Niagara,315,3,mlb,,,,,,
Nicholls,Nicholls,2447,15,"nfl, mlb",,,,,,
Norfolk State,Norfolk State,2450,9,"nfl, mlb",norfolk st,,,,,
North Alabama,North Alabama,2453,18,nfl,n alabama,,,,,
North Carolina,North Carolina,153,256,"nfl, nba, mlb",unc,,,,,
North Carolina A&T,North Carolina A&T,2448,28,nfl,north carolina at,unc a&t,,,,
North Carolina Central,North Carolina Central,2428,17,nfl,unc central,,,,,
North Carolina-Charlotte,North Carolina-Charlotte,110300,2,"nfl, mlb",unc charlotte,,,,,
North Central,North Central,3071,2,nfl,,,,,,
North Dakota,North Dakota,155,42,"nfl, nhl, mlb",nd,,,,,
North Dakota State,North Dakota State,2449,59,"nfl, mlb",ndsu,,,,,
North Florida,North Florida,2454,4,mlb,,,,,,
North Greenville,North Greenville,2822,2,"nfl, mlb",,,,,,
North Park,North Park,75,1,nfl,,,,,,
North Texas,North Texas,249,36,nfl,,,,,,
Northeast Mississippi CC,Northeast Mississippi CC,110307,1,nfl,northeast mississippi,,,,,
Northeastern,Northeastern,111,38,"nfl, nhl, mlb",,,,,,
Northeastern JC CO,Northeastern JC CO,110309,1,mlb,northeastern junior college,,,,,
Northeastern Oklahoma A&M (J.C.),Northeastern Oklahoma A&M (J.C.),110310,2,mlb,northeastern oklahoma,,,,,
Northeastern State,Northeastern State,196,3,"nfl, mlb",Northeastern St,,,,,
Northern Arizona,Northern Arizona,2464,29,nfl,n arizona,north arizona,,,,
Northern Colorado,Northern Colorado,2458,19,nfl,n colorado,north colorado,,,,
Northern Illinois,Northern Illinois,2459,66,"nfl, mlb",n illinois,north illinois,,,,
Northern Iowa,Northern Iowa,2460,47,"nfl, nba",n colorado,north iowa,uni,,,
Northern Kentucky,Northern Kentucky,94,2,"nfl, mlb",n colorado,north kentucky,,,,
Northern Michigan,Northern Michigan,128,9,"nfl, nhl",n colorado,north michigan,,,,
Northern State,Northern State,425,1,nfl,n colorado,north st,northern st,,,
Northwest Mississippi CC,Northwest Mississippi CC,110314,1,mlb,n colorado,northwest miss,northwestern mississippi,,,
Northwest Missouri State,Northwest Missouri State,138,20,nfl,n colorado,northwestern missouri st,,,,
Northwestern,Northwestern,77,111,"nfl, nba, mlb",nw,,,,,
Northwestern College (IA),Northwestern College (IA),2471,1,nfl,Northwestern college,Northwestern,,,,
Northwestern Ohio,Northwestern Ohio,3250,1,mlb,Northwestern,Northwestern oh,,,,
Northwestern Oklahoma State,Northwestern Oklahoma State,2823,4,nfl,Northwestern oklahoma st,Northwestern ok st,Northwestern ok state,,,
Northwestern State,Northwestern State,2466,23,"nfl, mlb",northwestern st,,,,,
Northwood (MI),Northwood (MI),2886,2,nfl,northwood,northwood university,northwood mi,,,
Notre Dame,Notre Dame,87,320,"nfl, nhl, nba, mlb",nd,,,,,
Notre Dame College,Notre Dame College,586,1,nfl,nd college,,,,,
Notre Dame College (OH),Notre Dame College (OH),587,2,nfl,nd college oh,nd college ohio,,,,
Nova Southeastern,Nova Southeastern,2470,5,mlb,nova se,,,,,
Oakland,Oakland,2473,2,"nba, mlb",ou,oakland u,oakland university,,,
Oberlin,Oberlin,391,1,nfl,,,,,,
Ohio,Ohio,195,40,"nfl, nba, mlb",ou,ohio u,ohio university,,,
Ohio Dominican,Ohio Dominican,2477,1,nfl,,,,,,
Ohio Northern,Ohio Northern,427,3,nfl,,,,,,
Ohio State,Ohio State,194,340,"nfl, nhl, nba, mlb",ohio st,osu,THE,,,
Ohio Wesleyan,Ohio Wesleyan,2980,1,nfl,,,,,,
Okaloosa-Walton CC FL (J.C.),Okaloosa-Walton CC FL (J.C.),110320,1,mlb,okaloosa,okaloosa walton,,,,
Oklahoma,Oklahoma,201,266,"nfl, nba, mlb",ou,,,,,
Oklahoma Baptist,Oklahoma Baptist,319,3,"nfl, mlb",ok baptist,,,,,
Oklahoma City,Oklahoma City,2481,1,mlb,ok city,,,,,
Oklahoma State,Oklahoma State,197,177,"nfl, nba, mlb",ok state,ok st,oklahoma st,,,
Old Dominion,Old Dominion,295,37,"nfl, mlb",odu,,,,,
Ole Miss,Ole Miss,145,189,"nfl, nba, mlb",mississippi,,,,,
Olivet Nazarene,Olivet Nazarene,2922,1,mlb,olivet,nazarene,,,,
Omaha,Omaha,2437,18,"nfl, nhl, mlb",,,,,,
Oral Roberts,Oral Roberts,198,7,mlb,,,,,,
Orange Coast Coll. CA (J.C.),Orange Coast Coll. CA (J.C.),110327,2,mlb,orange coast college,orange coast,,,,
Oregon,Oregon,2483,253,"nfl, nba, mlb",,,,,,
Oregon State,Oregon State,204,161,"nfl, nba, mlb",oregon st,,,,,
Oregon Tech,Oregon Tech,2484,2,nfl,ore,,,,,
Ottawa,Ottawa,2775,3,nfl,,,,,,
Ouachita Baptist,Ouachita Baptist,2888,3,nfl,,,,,,
Pace,Pace,2487,1,nfl,pace university,,,,,
Pacific,Pacific,279,6,"nfl, mlb",,,,,,
Pacific Union Colleg,Pacific Union College,594,1,nfl,pacific union college,pacific union,,,,
Palm Beach Atlantic,Palm Beach Atlantic,2489,1,mlb,palm beach,,,,,
Palomar Coll. CA (J.C.),Palomar Coll. CA (J.C.),110334,1,nfl,palomar college,palomar,,,,
Parkland College,Parkland College,110337,2,mlb,parkland,,,,,
Pearl River,Pearl River,110341,1,mlb,,,,,,
Penn State,Penn State,213,269,"nfl, nhl, nba, mlb",penn st,psu,,,,
Pennsylvania,Pennsylvania,219,6,nfl,penn,upenn,,,,
Pepperdine,Pepperdine,2492,10,"nba, mlb",,,,,,
Peru State College,Peru State College,596,1,nfl,peru st,peru st college,,,,
Pittsburg State,Pittsburg State,90,60,nfl,pittsburgh st,,,,,
Pittsburgh,Pittsburgh,221,192,"nfl, nba, mlb",pitt,,,,,
Portland,Portland,2501,3,mlb,,,,,,
Portland State,Portland State,2502,36,nfl,portland st,,,,,
Prairie View A&M,Prairie View A&M,2504,10,nfl,Prairie View am,,,,,
Presbyterian,Presbyterian,2506,3,"nfl, mlb",,,,,,
Princeton,Princeton,163,27,"nfl, nhl, nba, mlb",,,,,,
Providence,Providence,2507,17,"nhl, nba",,,,,,
Purdue,Purdue,2509,155,"nfl, nba, mlb",,,,,,
Purdue Fort Wayne,Purdue Fort Wayne,2870,1,nba,,,,,,
Queen's,Queen's,2956,1,nfl,queens,queen,,,,
Queens University,Queens University,2511,1,mlb,queens,queen,queens u,,,
Quincy,Quincy,2825,3,"nfl, mlb",,,,,,
Quinnipiac,Quinnipiac,2514,16,"nhl, mlb",,,,,,
RIT,RIT,178,1,nhl,Rochester Institute of Technology,,,,,
Radford,Radford,2515,7,"nba, mlb",,,,,,
Randolph-Macon,Randolph-Macon,2516,1,nfl,randolph macon,,,,,
Redlands,Redlands,29,2,"nfl, mlb",,,,,,
Reedley College,Reedley College,110358,1,mlb,reedley,,,,,
Regina (Canada),Regina (Canada),110359,3,nfl,regina,regina canada,,,,
Regis Univ,Regis University,2518,1,mlb,regis,regis university,,,,
Rensselaer,Rensselaer,2528,1,nfl,,,,,,
Rhode Island,Rhode Island,227,16,"nfl, nba, mlb",ri,,,,,
Rhodes,Rhodes,2519,1,nfl,,,,,,
Rice,Rice,242,60,"nfl, mlb",,,,,,
Richland,Richland,243,12,nfl,,,,,,
Richmond,Richmond,257,33,"nfl, mlb",,,,,,
Rider,Rider,2520,1,nba,,,,,,
Riverside Community,Riverside Community,3116,1,mlb,riverside,,,,,
Robert Morris,Robert Morris,2523,7,nfl,,,,,,
Robert Morris (IL),Robert Morris (IL),599,1,nfl,robert morris,robert morris il,robert morris illinois,,,
Rocky Mountain,Rocky Mountain,2826,1,nfl,,,,,,
Rowan,Rowan,2827,1,nfl,,,,,,
Rutgers,Rutgers,164,142,"nfl, nba, mlb",,,,,,
SE Louisiana,SE Louisiana,2545,24,"nfl, mlb",southeast lousiana,,,,,
SIU Edwardsville,SIU Edwardsville,2565,1,mlb,Southern Illinois University Edwardsville,,,,,
SMU,SMU,2567,73,"nfl, nba",southern methodist,southern methodist university,,,,
Sacramento State,Sacramento State,16,28,"nfl, mlb",sac st,sac state,sacramento st,,,
Sacred Heart,Sacred Heart,2529,5,"nfl, mlb",,,,,,
Saginaw Valley State,Saginaw Valley State,129,8,nfl,svsu,saginaw valley st,,,,
Saint Augustine's,Saint Augustine's,395,2,nfl,saint augustines,saint augustine,st augustines,st augustine,,
Saint Francis,Saint Francis,2598,2,nfl,st francis,,,,,
Saint John's (MN),Saint John's (MN),2600,1,nfl,st johns,st johns minnesota,saint johns university,,,
Saint Joseph's,Saint Joseph's,2603,5,"nba, mlb",st josephs,st joes,,,,
Saint Louis,Saint Louis,139,7,"nba, mlb",st louis,,,,,
Saint Mary's,Saint Mary's,2608,9,"nba, mlb",st marys,,,,,
Saint Mary's College (IN),Saint Mary's College (IN),449,4,mlb,st marys,st marys college,,,,
Saint Petersburg FL (J.C.),Saint Petersburg FL (J.C.),110374,3,mlb,st petersburg,st petersburg fl,st petersburg florida,,,
Salem University,Salem University,467,1,nfl,,,,,,
Salt Lake,Salt Lake,110375,1,mlb,,,,,,
Sam Houston,Sam Houston,2534,38,"nfl, mlb",sam houston state,sam houston st,,,,
Samford,Samford,2535,28,"nfl, mlb",,,,,,
San Diego,San Diego,301,26,"nfl, mlb",sd,,,,,
San Diego State,San Diego State,21,153,"nfl, nba, mlb",sdsu,san diego st,,,,
San Francisco,San Francisco,2539,7,"nba, mlb",sf,san fran,,,,
San Jacinto,San Jacinto,110378,9,mlb,,,,,,
San Joaquin Delta Coll. CA (J.C.),San Joaquin Delta Coll. CA (J.C.),110379,1,mlb,san joaquin delta,san joaquin delta college,,,,
San José State,San Jose State,23,76,"nfl, mlb",san jose st,,,,,
Santa Clara,Santa Clara,2541,10,"nfl, nba, mlb",,,,,,
Santa Fe CC FL (J.C.),Santa Fe CC FL (J.C.),110383,2,mlb,santa fe,santa fe community college,,,,
Savannah State,Savannah State,2542,3,"nfl, mlb",savannah st,,,,,
Science and Arts (OK),Science and Arts (OK),608,3,nfl,science & arts,oklahoma science and arts,oklahoma science & arts,,,
Scottsdale CC AZ,Scottsdale CC AZ,110387,1,mlb,scottsdale,scottsdale community college,,,,
Seattle U,Seattle U,2547,3,"nfl, mlb",seattle,,,,,
Seattle University,Seattle University,610,1,nfl,seattle,,,,,
Seminole State (FL),Seminole State (FL),110388,2,mlb,seminole st,seminole st fl,,,,
Seminole State (OK),Seminole State (OK),110389,1,mlb,seminole st,seminole st ok,,,,
Seton Hall,Seton Hall,2550,5,"nba, mlb",,,,,,
Seton Hill,Seton Hill,611,1,nfl,,,,,,
Shaw,Shaw,2551,1,nfl,,,,,,
Shenandoah,Shenandoah,2828,1,nfl,,,,,,
Shepherd,Shepherd,2974,10,nfl,,,,,,
Shippensburg,Shippensburg,2559,5,nfl,,,,,,
Siena,Siena,2561,3,"nba, mlb",,,,,,
Simon Fraser,Simon Fraser,2829,2,nfl,,,,,,
Sioux Falls,Sioux Falls,2894,4,nfl,,,,,,
Slippery Rock,Slippery Rock,215,10,"nfl, mlb",slippery,,,,,
Sonoma State,Sonoma State,2574,3,"nfl, mlb",sonoma st,,,,,
South Alabama,South Alabama,6,34,"nfl, mlb",s alabama,southern alabama,,,,
South Carolina,South Carolina,2579,217,"nfl, nba, mlb",sc,so car,south car,,,
South Carolina State,South Carolina State,2569,37,nfl,south carolina st,sc state,so car st,so car state,,
South Carolina Upstate,South Carolina Upstate,2908,3,"nba, mlb",sc upstate,,,,,
South Dakota,South Dakota,233,23,nfl,sd,,,,,
South Dakota Mines,South Dakota Mines,613,2,nfl,sd mines,,,,,
South Dakota State,South Dakota State,2571,41,"nfl, mlb",sdsu,south dakota st,,,,
South Florida,South Florida,58,87,"nfl, mlb",usf,,,,,
South Georgia State College,South Georgia State College,110520,1,mlb,south georgia st college,south georgia st,south georgia state,,,
Southeast Missouri State,Southeast Missouri State,2546,24,"nfl, mlb",se missouri st,se missouri state,,,,
Southeastern Oklahoma,Southeastern Oklahoma,199,4,"nfl, mlb",se oklahoma,se ok,,,,
Southern,Southern,2582,17,"nfl, mlb",,,,,,
Southern Arkansas,Southern Arkansas,2568,5,nfl,s arkansas,south arkansas,southern ark,so car state,,
Southern Connecticut State,Southern Connecticut State,2583,6,nfl,southern connecticut st,south conn st,south connecticut state,sc state,,
Southern Illinois,Southern Illinois,79,28,"nfl, mlb",southern ill,south illinois,,,,
Southern Miss,Southern Miss,2572,100,"nfl, mlb",southern mississippi,s miss,,,,
Southern Nazarene,Southern Nazarene,200,1,nfl,south nazarene,s nazarene,,,,
Southern Nevada,Southern Nevada,3258,6,mlb,south nevada,s nevada,,,,
Southern New Hampshi,Southern New Hampshire,335,1,mlb,southern new hampshire,s new hampshire,south new hampshire,south nh,southern nh,
Southern Oregon,Southern Oregon,2584,2,nfl,south oregon,s oregon,,,,
Southern Utah,Southern Utah,253,18,"nfl, nba",s utah,south utah,,,,
Southwest Mississippi CC,Southwest Mississippi CC,110413,1,mlb,sw miss cc,sw miss,southwest miss,,,
Southwestern Oklahoma,Southwestern Oklahoma,2927,3,nfl,sw okla,sw oklahoma,southwest ok,southwest oklahoma,,
Southwestern University,Southwestern University,2588,1,mlb,sw u,sw university,,,,
Spartanburg Methodist,Spartanburg Methodist,3203,1,mlb,spartanburg,,,,,
St. Andrews,St. Andrews,2592,1,nhl,st andrews,saint andrews,st andrew,saint andrew,,
St. Bonaventure,St. Bonaventure,179,2,mlb,st bonaventure,saint bonaventure,,,,
St. Clair County Community,St. Clair County Community,110419,1,mlb,st clair cc,saint clair cc,st clair,saint clair,,
St. Cloud State,St. Cloud State,2594,21,"nfl, nhl",st cloud,saint cloud,st cloud st,saint cloud st,,
St. John Fisher,St. John Fisher,374,2,"nfl, mlb",st john,st john fisher,john fisher,st johns,,
St. John's,St. John's,2599,14,"nba, mlb",st johns,st john,sj,sju,,
St. John's River State CC,St. John's River State CC,3180,1,mlb,st johns,st john,st johns river st,st johns river state,,
St. Lawrence,St. Lawrence,2779,1,nhl,st lawrence,saint lawrence,,,,
St. Paul's College,St. Paul's College,2611,1,nfl,st pauls,st paul,saint pauls college,,,
St. Thomas-Minnesota,St. Thomas-Minnesota,2900,2,nfl,st thomas,st thomas minnesota,saint thomas minnesota,,,
Stanford,Stanford,24,212,"nfl, nba, mlb",cardinal,,,,,
State College of Florida,State College of Florida,110720,1,mlb,st college florida,st college of florida,college of florida,,,
Stephen F. Austin,Stephen F. Austin,2617,22,"nfl, nba, mlb",sfa,stephen f austin,stephen austin,s f austin,,
Stetson,Stetson,56,10,"nfl, mlb",,,,,,
Stillman,Stillman,2948,5,nfl,,,,,,
Stony Brook,Stony Brook,2619,19,"nfl, mlb",stony,,,,,
Swarthmore,Swarthmore,217,16,nfl,,,,,,
Syracuse,Syracuse,183,159,"nfl, nba",cuse,,,,,
TCU,TCU,2628,175,"nfl, nba, mlb",texas christian,texas christian university,,,,
Tabor College,Tabor College,619,1,nfl,tabor,,,,,
Tallahassee CC FL,Tallahassee CC FL,110434,2,mlb,tallahassee,tallahassee cc,tallahassee community college,,,
Tampa,Tampa,2626,2,mlb,,,,,,
Tarleton State,Tarleton State,2627,16,nfl,tarleton,tarleton st,,,,
Taylor,Taylor,620,1,nfl,,,,,,
Temple,Temple,218,101,nfl,,,,,,
Tennessee,Tennessee,2633,282,"nfl, nba, mlb",ut,utk,ut knoxville,tenn,,
Tennessee State,Tennessee State,2634,35,nfl,ut st,ut state,tenn st,tenn state,tennessee st,
Tennessee Tech,Tennessee Tech,2635,9,"nfl, mlb",ut tech,tenn tech,,,,
Texas,Texas,251,257,"nfl, nba, mlb",ut,hook em,longhorns,,,
Texas A&M,Texas A&M,245,254,"nfl, nba, mlb",texas am,texas a and m,tamu,,,
Texas A&M-Kingsville,Texas A&M-Kingsville,2658,7,nfl,tamuk,texas am kingsville,Texas A&M Kingsville,kingsville,a&m,
Texas Southern,Texas Southern,2640,14,nfl,ut southern,,,,,
Texas State,Texas State,326,38,"nfl, mlb",ut st,ut state,texas st,tex st,tex state,
Texas Tech,Texas Tech,2641,135,"nfl, nba, mlb",ttu,tex tech,,,,
Texas-Pan American,Texas-Pan American,110439,1,mlb,texas rio grande,rio grande,utrgv,pan american,texas pan american,texans pan am
The Citadel,The Citadel,2643,14,"nfl, mlb",citadel,,,,,
The Master's,The Master's,2375,1,mlb,masters,the masters,,,,
Tiffin,Tiffin,2838,3,nfl,tiffin university,tiffin u,tu,,,
Tiffin University,Tiffin University,625,4,nfl,tiffin,tiffin u,tu,,,
Toledo,Toledo,2649,86,"nfl, nba, mlb",toledo u,,,,,
Towson,Towson,119,19,"nfl, mlb",,,,,,
Trinity Christian,Trinity Christian,2652,1,nfl,trinity,,,,,
Trinity International,Trinity International,2907,1,nfl,trinity,,,,,
Troy,Troy,2653,63,"nfl, mlb",,,,,,
Truman State,Truman State,2654,2,nfl,truman st,truman,,,,
Tulane,Tulane,2655,102,"nfl, mlb",tulane,tulane university,green wave,,,
Tulsa,Tulsa,202,47,nfl,,,,,,
Tusculum,Tusculum,2839,5,"nfl, mlb",,,,,,
Tuskegee,Tuskegee,2657,6,nfl,,,,,,
U Regina ca,University of Regina,3257,3,nfl,u regina ca,regina,regina college,,,
UAB,UAB,5,52,"nfl, nba, mlb",university of alabama birmingham,university of alabama at birmingham,,,,
UAlbany,UAlbany,399,18,"nfl, mlb",albany,university of albany,albany u,,,
UC Davis,UC Davis,302,14,"nfl, mlb",ucd,university of california davis,california davis,cal davis,,
UC Irvine,UC Irvine,300,9,"nfl, mlb",uci,university of california irvine,california irvine,cal irvine,,
UC Riverside,UC Riverside,27,7,"nba, mlb",ucr,university of california riverside,california riverside,cal riverside,,
UC San Diego,UC San Diego,28,2,"nba, mlb",ucsd,university of california san diego,california san diego,cal san diego,,
UC Santa Barbara,UC Santa Barbara,2540,24,"nba, mlb",ucsb,university of california santa barbara,california santa barbara,cal santa barbara,santa barbara,
UCF,UCF,2116,127,"nfl, nba, mlb",central florida,university of central florida,,,,
UCLA,UCLA,26,268,"nfl, nba, mlb",university of california los angeles,cal los angeles,california los angeles,,,
UConn,UConn,41,104,"nfl, nhl, nba, mlb",connecticut,conn,,,,
UIC,UIC,82,2,mlb,university of illnois chicago,illinois chicago,chicago,,,
UL Monroe,UL Monroe,2433,30,"nfl, mlb",ulm,lousiana monroe,,,,
UMBC,UMBC,2378,1,mlb,university of maryland baltimore county,maryland baltimore,,,,
UMass Lowell,UMass Lowell,2349,9,"nhl, mlb",uml,lowell,umass,,,
UNC Greensboro,UNC Greensboro,2430,4,mlb,nc greensboro,greensboro,north carolina greensboro,,,
UNC Pembroke,UNC Pembroke,2882,2,nfl,nc pembroke,north carolina pembroke,pembroke,,,
UNC Wilmington,UNC Wilmington,350,10,"nba, mlb",uncw,north carolina wilmington,nc wilmington,wilmington,,
UNLV,UNLV,2439,57,"nfl, nba, mlb",university of nevada las vegas,las vegas nevada,las vegas,vegas,rebels,
USC,USC,30,317,"nfl, nba, mlb",southern cal,southern california,trojans,,,
UT Arlington,UT Arlington,250,7,"nfl, mlb",uta,texas arlington,arlington,,,
UT Martin,UT Martin,2630,16,"nfl, mlb",utm,texas martin,,,,
UT Rio Grande Valley,UT Rio Grande Valley,292,3,mlb,texas rio grande,rio grande,utrgv,pan american,texas pan american,texans pan am
UTEP,UTEP,2638,51,nfl,texas el paso,texas at el paso,el paso,university of texas el paso,The University of Texas at El Paso,
UTSA,UTSA,2636,34,"nfl, mlb",university of texas at san antonio,university of texas san antonio,texas san antonio,san antonio,,
Union,Union,2785,5,nhl,,,,,,
Union (KY),Union (KY),2841,1,nfl,union,union ky,union kentucky,,,
University of Califo,University of California,498,9,nfl,,,,,,
University of Dubuqu,University of Dubuque,49,2,nfl,dubuque,u dubuque,,,,
University of Great Falls,University of Great Falls,531,2,nfl,great falls,,,,,
University of Laval,University of Laval,549,1,nfl,laval,,,,,
University of Maine,University of Maine,553,1,nfl,maine,,,,,
University of Pikeville,University of Pikeville,95,1,nfl,pikeville,,,,,
Upper Iowa,Upper Iowa,389,1,nfl,,,,,,
Utah,Utah,254,172,"nfl, nba, mlb",utes,utah utes,,,,
Utah State,Utah State,328,87,"nfl, nba",utah st,,,,,
Utah Tech,Utah Tech,3101,3,"nfl, mlb",,,,,,
Utah Valley,Utah Valley,3084,1,mlb,,,,,,
VCU,VCU,2670,8,"nfl, nba, mlb",virginia commonwealth,virginia commonwealth university,virginia commonwealth u,rams,,
VMI,VMI,2678,3,"nfl, mlb",virginia military institute,virginia military,,,,
Valdosta State,Valdosta State,2673,20,nfl,valdosta st,,,,,
Valparaiso,Valparaiso,2674,2,mlb,valpo,,,,,
Vanderbilt,Vanderbilt,238,153,"nfl, nba, mlb",vandy,,,,,
Vanguard,Vanguard,2585,1,mlb,,,,,,
Vermont,Vermont,261,2,nhl,,,,,,
Villanova,Villanova,222,49,"nfl, nba, mlb",nova,,,,,
Virginia,Virginia,258,195,"nfl, nba, mlb",uva,university of virginia,,,,
Virginia State,Virginia State,330,6,nfl,uva state,virginia st,,,,
Virginia Tech,Virginia Tech,259,190,"nfl, nba, mlb",va tech,,,,,
Virginia Union,Virginia Union,2676,2,nfl,uva union,union,,,,
Wagner,Wagner,2681,16,"nfl, nba, mlb",,,,,,
Wake Forest,Wake Forest,154,134,"nfl, nba, mlb",wf,wake,demon deacons,,,
Wallace State CC,Wallace State CC,3176,2,mlb,wallace st,wallace state,wallace st cc,,,
Walsh,Walsh,2682,1,nfl,,,,,,
Walters State Community,Walters State Community College,110475,2,mlb,walters,walters state,walters st,walters cc,,
Washburn,Washburn,2687,9,nfl,,,,,,
Washington,Washington,264,229,"nfl, nba, mlb",uw,,,,,
Washington State,Washington State,265,136,"nfl, nba, mlb",uw state,uw st,wash st,wash state,washington st,
Washington University-St. Louis,Washington University-St. Louis,143,1,nfl,wustl,washu,washington,washington st louis,,
Waterloo,Waterloo,2786,3,nfl,,,,,,
Wayne State (MI),Wayne State (MI),131,8,"nfl, mlb",wayne st,wayne state,wayne state university,wayne st university,,
Wayne State (NE),Wayne State (NE),2844,3,nfl,wayne st,wayne state,wayne state university,wayne st university,,
Weatherford Coll. TX (J.C.),Weatherford Coll. TX (J.C.),110477,2,mlb,weatherford,weatherford college,,,,
Webber International,Webber International,2691,1,nfl,webber,,,,,
Weber State,Weber State,2692,27,"nfl, nba",weber st,,,,,
Wesley College,Wesley College,2846,2,nfl,wesley,,,,,
Wesleyan University (CT),Wesleyan University (CT),336,1,nfl,wesleyan,wesleyan u,wesleyan university,,,
West Alabama,West Alabama,2695,9,"nfl, mlb",w alabama,,,,,
West Chester,West Chester,223,7,"nfl, mlb",westchester,,,,,
West Florida,West Florida,2697,6,nfl,w florida,western florida,,,,
West Georgia,West Georgia,2698,12,"nfl, mlb",w georgia,western georgia,,,,
West Texas A&M,West Texas A&M,2704,25,"nfl, mlb",western texas am,western texas a&m,west texas state,west texas state university,west texas st,west texas st university
West Virginia,West Virginia,277,178,"nfl, nba, mlb",wvu,west va,mountaineers,,,
West Virginia Wesleyan,West Virginia Wesleyan,455,1,nfl,wv wesleyan,,,,,
Western Carolina,Western Carolina,2717,28,"nfl, mlb",wcu,west carolina,,,,
Western Colorado,Western Colorado,2714,1,nfl,west colorado,,,,,
Western Illinois,Western Illinois,2710,28,"nfl, mlb",western ill,west illinois,,,,
Western Kentucky,Western Kentucky,98,57,"nfl, nba, mlb",wku,west kentucky,western ky,,,
Western Michigan,Western Michigan,2711,73,"nfl, nhl, mlb",wmu,broncos,western,western mich,,
Western New Mexico,Western New Mexico,2703,2,nfl,west new mexico,w new mexico,,,,
Western Oklahoma State,Western Oklahoma State,110485,3,mlb,western ok state,west oklahoma state,western ok st,west oklahoma st,,
Western Ontario,Western Ontario,2787,2,nfl,ontario,w ontario,,,,
Western Oregon,Western Oregon,2848,5,"nfl, mlb",west oregon,,,,,
Western Texas Coll. (J.C.),Western Texas Coll. (J.C.),110486,1,nba,western texas,,,,,
Western Washington,Western Washington,2847,2,nfl,west washington,,,,,
Westminster (UT),Westminster (UT),224,1,nfl,westminster,,,,,
Westmont,Westmont,2716,2,mlb,,,,,,
Wharton Co. JC TX,Wharton Co. JC TX,110488,1,mlb,wharton,,,,,
Wheaton,Wheaton,396,2,nfl,,,,,,
Wheeling Jesuit,Wheeling Jesuit,2719,1,nba,wheeling,jesuit,,,,
Wichita State,Wichita State,2724,15,"nfl, nba, mlb",wichita st,,,,,
Wilfred Laurier,Wilfred Laurier,2910,1,nfl,wildfred,laurier,,,,
William & Mary,William & Mary,2729,33,"nfl, mlb",william and mary,william mary,,,,
William Penn,William Penn,2912,2,nfl,,,,,,
Williams,Williams,2731,1,nfl,,,,,,
Wingate,Wingate,351,4,nfl,,,,,,
Winona State,Winona State,2851,1,nfl,winona st,,,,,
Winston-Salem State,Winston-Salem State,2736,4,nfl,winston salem st,winston salem state,,,,
Winthrop,Winthrop,2737,1,mlb,,,,,,
Wisconsin,Wisconsin,275,227,"nfl, nhl, nba",wisco,,,,,
Wisconsin-Eau Claire,Wisconsin-Eau Claire,2738,1,nfl,wisconsin eau claire,wisconsin ec,uw eau claire,,,
Wisconsin-La Crosse,Wisconsin-La Crosse,2740,1,mlb,wisconsin la crosse,wisconsin lc,uw la crosse,,,
Wisconsin-Oshkosh,Wisconsin-Oshkosh,271,1,nfl,wisconsin la oshkosh,wisconsin o,uw oshkosh,,,
Wisconsin-Platteville,Wisconsin-Platteville,272,2,nfl,wisconsin platteville,wisconsin p,uw plateville,,,
Wisconsin-River Falls,Wisconsin-River Falls,2723,1,nfl,wisconsin river falls,wisconsin rf,uw river falls,,,
Wisconsin-Stevens Point,Wisconsin-Stevens Point,2743,2,mlb,wisconsin stevens point,wisconsin sp,uw stevens point,,,
Wisconsin-Stout,Wisconsin-Stout,2744,1,nfl,wisconsin stout,wisconsin s,uw stout,,,
Wisconsin-Whitewater,Wisconsin-Whitewater,2745,4,nfl,wisconsin whitewater,wisconsin w,uw whitewater,,,
Wofford,Wofford,2747,9,"nfl, mlb",,,,,,
Wright State,Wright State,2750,7,mlb,wright st,,,,,
Wyoming,Wyoming,2751,63,"nfl, nba",,,,,,
Xavier,Xavier,2752,11,"nba, mlb",xu,,,,,
Yale,Yale,43,20,"nfl, nhl, nba, mlb",,,,,,
Yavapai College,Yavapai College,110494,7,mlb,yavapai,,,,,
Youngstown State,Youngstown State,2754,24,nfl,youngstown,youngstown st,,,,